Assignment,AvgScore,Sub_Rate,Sub_Avg
Conditional Code in JavaScript (68343),85.26077586206897,92.24137931034483,93.41355140186916
